Handle,Title,Body (HTML),Vendor,Type,Tags,Published,Option1 Name,Option1 Value,Variant SKU,Variant Grams,Variant Inventory Tracker,Variant Inventory Qty,Variant Inventory Policy,Variant Fulfillment Service,Variant Price,Variant Requires Shipping,Variant Taxable,Variant Weight Unit,Image Src,Image Position,Image Alt Text,SEO Title,SEO Description,Status
neuro-mesh-chair,Neuro Mesh Chair,<p>High-performance Atlas mesh chair with superior ergonomic design and premium build quality. Features enhanced breathability and maximum comfort for demanding work environments.</p><ul><li>3D adjustable armrests</li><li>Synchro-tilt mechanism</li><li>Adjustable headrest</li><li>Premium mesh fabric</li><li>High-load capacity frame</li><li>Anti-fatigue lumbar curve</li></ul>,HeavenCraft,Mesh Chair,"Chairs, Mesh Chairs, Ergonomic, Delhi",TRUE,Title,Default Title,chair-mesh-004,,,,continue,manual,13999.00,TRUE,TRUE,kg,https://theheavencraft.in/images/products/chairs/mesh-chair/4%20-%20Neuro.jpeg,1,Neuro Mesh Chair — mesh chair by HeavenCraft,Neuro Mesh Chair,High-performance Atlas mesh chair with superior ergonomic design and premium build quality. Features enhanced breathability and maximum comfort for dema…,active
zynx-mesh-chair,Zynx Mesh Chair,<p>Premium mesh chair with advanced lumbar support and adjustable headrest. Designed for professionals who value comfort and productivity.</p><ul><li>3D adjustable armrests</li><li>Synchro-tilt mechanism</li><li>Adjustable headrest</li><li>Premium mesh fabric</li><li>Ergonomic lumbar support</li><li>Height adjustable gas lift</li></ul>,HeavenCraft,Mesh Chair,"Chairs, Mesh Chairs, Ergonomic, Delhi",TRUE,Title,Default Title,chair-mesh-005,,,,continue,manual,15999.00,TRUE,TRUE,kg,https://theheavencraft.in/images/products/chairs/mesh-chair/5%20-%20Zynx.jpeg,1,Zynx Mesh Chair — mesh chair by HeavenCraft,Zynx Mesh Chair,Premium mesh chair with advanced lumbar support and adjustable headrest. Designed for professionals who value comfort and productivity.,active
xyron-mesh-chair,Xyron Mesh Chair,"<p>Next-generation Xyron mesh chair engineered for maximum comfort and style. Features ultra-breathable dual-layer mesh, full 4D armrest control, and an innovative self-adjusting lumbar system for unmatched all-day support.</p><ul><li>Dual-layer ultra-breathable mesh</li><li>4D adjustable armrests</li><li>Self-adjusting lumbar system</li><li>Recline lock with tilt tension</li><li>Adjustable headrest with neck cushion</li><li>Heavy-duty aluminium base</li></ul>",HeavenCraft,Mesh Chair,"Chairs, Mesh Chairs, Ergonomic, Delhi",TRUE,Title,Default Title,chair-mesh-006,,,,continue,manual,17999.00,TRUE,TRUE,kg,https://theheavencraft.in/images/products/chairs/mesh-chair/6%20-%20Xyron.jpeg,1,Xyron Mesh Chair — mesh chair by HeavenCraft,Xyron Mesh Chair,"Next-generation Xyron mesh chair engineered for maximum comfort and style. Features ultra-breathable dual-layer mesh, full 4D armrest control, and an in…",active
rider-leather-chair,Rider Leather Chair,<p>Luxurious high-back leather chair with extra padding and sophisticated design. Perfect for executive offices and boardrooms.</p><ul><li>Genuine leather upholstery</li><li>Extra cushioning</li><li>Tilt tension control</li><li>Polished aluminum base</li><li>Adjustable lumbar support</li><li>Executive high-back design</li></ul>,HeavenCraft,Leather Chair,"Chairs, Leather Chairs, Ergonomic, Delhi",TRUE,Title,Default Title,chair-leather-002,,,,continue,manual,12999.00,TRUE,TRUE,kg,https://theheavencraft.in/images/products/chairs/leather-chair/2%20-%20Rider.jpeg,1,Rider Leather Chair — leather chair by HeavenCraft,Rider Leather Chair,Luxurious high-back leather chair with extra padding and sophisticated design. Perfect for executive offices and boardrooms.,active
nexor-leather-chair,Nexor Leather Chair,<p>Sophisticated Nexor leather executive chair combining modern aesthetics with traditional comfort. Premium leather upholstery with ergonomic support for professional settings.</p><ul><li>Premium leather upholstery</li><li>360° swivel</li><li>Height adjustment</li><li>Heavy-duty base</li><li>Modern aesthetic design</li><li>Ergonomic seat contour</li></ul>,HeavenCraft,Leather Chair,"Chairs, Leather Chairs, Ergonomic, Delhi",TRUE,Title,Default Title,chair-leather-003,,,,continue,manual,13999.00,TRUE,TRUE,kg,https://theheavencraft.in/images/products/chairs/leather-chair/3%20-%20Nexor.jpeg,1,Nexor Leather Chair — leather chair by HeavenCraft,Nexor Leather Chair,Sophisticated Nexor leather executive chair combining modern aesthetics with traditional comfort. Premium leather upholstery with ergonomic support for…,active
valerio-leather-chair,Valerio Leather Chair,<p>Sophisticated Nexor leather executive chair combining modern aesthetics with traditional comfort. Premium leather upholstery with ergonomic support for professional settings.</p><ul><li>Premium leather upholstery</li><li>360° swivel</li><li>Height adjustment</li><li>Heavy-duty base</li><li>Modern aesthetic design</li><li>Ergonomic seat contour</li></ul>,HeavenCraft,Leather Chair,"Chairs, Leather Chairs, Ergonomic, Delhi",TRUE,Title,Default Title,chair-leather-005,,,,continue,manual,15999.00,TRUE,TRUE,kg,https://theheavencraft.in/images/products/chairs/leather-chair/5%20-%20Valerio.jpeg,1,Valerio Leather Chair — leather chair by HeavenCraft,Valerio Leather Chair,Sophisticated Nexor leather executive chair combining modern aesthetics with traditional comfort. Premium leather upholstery with ergonomic support for…,active
fabio-fabric-chair,Fabio Fabric Chair,<p>Comfortable Fabio fabric chair with soft upholstery and modern design. Breathable fabric material ensures comfort during long working hours with ergonomic support.</p><ul><li>Soft fabric upholstery</li><li>Ergonomic design</li><li>Breathable material</li><li>Sturdy construction</li><li>Height adjustable seat</li><li>360° smooth swivel</li></ul>,HeavenCraft,Fabric Chair,"Chairs, Fabric Chairs, Ergonomic, Delhi",TRUE,Title,Default Title,chair-fabric-001,,,,continue,manual,10999.00,TRUE,TRUE,kg,https://theheavencraft.in/images/products/chairs/fabric-chair/1%20-%20Fabio.jpeg,1,Fabio Fabric Chair — fabric chair by HeavenCraft,Fabio Fabric Chair,Comfortable Fabio fabric chair with soft upholstery and modern design. Breathable fabric material ensures comfort during long working hours with ergonom…,active
casca-fabric-chair,Casca Fabric Chair,<p>Premium Casca fabric chair with luxurious upholstery and superior comfort. Designed with high-quality fabric and ergonomic support for all-day comfort.</p><ul><li>Luxury fabric upholstery</li><li>Enhanced lumbar support</li><li>Adjustable components</li><li>Durable construction</li><li>Multi-function tilt mechanism</li><li>Padded seat cushion</li></ul>,HeavenCraft,Fabric Chair,"Chairs, Fabric Chairs, Ergonomic, Delhi",TRUE,Title,Default Title,chair-fabric-003,,,,continue,manual,12999.00,TRUE,TRUE,kg,https://theheavencraft.in/images/products/chairs/fabric-chair/3%20-%20Casca.jpeg,1,Casca Fabric Chair — fabric chair by HeavenCraft,Casca Fabric Chair,Premium Casca fabric chair with luxurious upholstery and superior comfort. Designed with high-quality fabric and ergonomic support for all-day comfort.,active
niyo-fabric-chair,Niyo Fabric Chair,<p>Stylish Niyo fabric chair featuring premium upholstery and contemporary design. Offers excellent comfort with durable fabric material and adjustable features.</p><ul><li>Premium fabric upholstery</li><li>Adjustable height</li><li>Comfortable padding</li><li>Modern design</li><li>Tilt tension control</li><li>Durable nylon base</li></ul>,HeavenCraft,Fabric Chair,"Chairs, Fabric Chairs, Ergonomic, Delhi",TRUE,Title,Default Title,chair-fabric-005,,,,continue,manual,15999.00,TRUE,TRUE,kg,https://theheavencraft.in/images/products/chairs/fabric-chair/5%20-%20Niyo.jpeg,1,Niyo Fabric Chair — fabric chair by HeavenCraft,Niyo Fabric Chair,Stylish Niyo fabric chair featuring premium upholstery and contemporary design. Offers excellent comfort with durable fabric material and adjustable fea…,active
flexon-bed-table,Flexon Bed Table,<p>Premium Flex Primex bed table with multiple adjustment options and extra storage. Features drawer compartment and phone/tablet stand for ultimate convenience.</p><ul><li>Storage drawer</li><li>Multiple adjustments</li><li>Device stand</li><li>Premium finish</li><li>Tiltable surface</li><li>Built-in cup holder</li></ul>,HeavenCraft,Bed Table,"Tables, Bed Tables, Ergonomic, Delhi",TRUE,Title,Default Title,table-bed-003,,,,continue,manual,2999.00,TRUE,TRUE,kg,https://theheavencraft.in/images/products/tables/bed-table/3%20-%20Flexon.jpeg,1,Flexon Bed Table — bed table by HeavenCraft,Flexon Bed Table,Premium Flex Primex bed table with multiple adjustment options and extra storage. Features drawer compartment and phone/tablet stand for ultimate conven…,active
flexon-bed-table,,,,,,,,,,,,,,,,,,,https://theheavencraft.in/images/products/tables/bed-table/3%20-%20Flexon1.jpeg,2,"Flexon Bed Table, view 2",,,
flexon-bed-table,,,,,,,,,,,,,,,,,,,https://theheavencraft.in/images/products/tables/bed-table/3%20-%20Flexon2.jpeg,3,"Flexon Bed Table, view 3",,,
exquisite-primex-folding-table,Exquisite Primex Folding Table,"<p>Mid-size Exquisite folding table with reinforced frame and larger surface area. Perfect for dining, work, or events with quick setup and takedown.</p><ul><li>Reinforced frame</li><li>Larger surface</li><li>Quick setup</li><li>Durable finish</li><li>Stable locking legs</li><li>Seats up to 6 people</li></ul>",HeavenCraft,Folding Table,"Tables, Folding Tables, Ergonomic, Delhi",TRUE,Title,Default Title,table-folding-002,,,,continue,manual,6999.00,TRUE,TRUE,kg,https://theheavencraft.in/images/products/tables/folding-table/2%20-%20Exquisite%20Primex.jpeg,1,Exquisite Primex Folding Table — folding table by HeavenCraft,Exquisite Primex Folding Table,"Mid-size Exquisite folding table with reinforced frame and larger surface area. Perfect for dining, work, or events with quick setup and takedown.",active
exquisite-primex-folding-table,,,,,,,,,,,,,,,,,,,https://theheavencraft.in/images/products/tables/folding-table/2%20-%20Exquisite%20Primex1.jpeg,2,"Exquisite Primex Folding Table, view 2",,,
exquisite-primex-folding-table,,,,,,,,,,,,,,,,,,,https://theheavencraft.in/images/products/tables/folding-table/2%20-%20Exquisite%20Primex2.jpeg,3,"Exquisite Primex Folding Table, view 3",,,
exquisite-primex-folding-table,,,,,,,,,,,,,,,,,,,https://theheavencraft.in/images/products/tables/folding-table/2%20-%20Exquisite%20Primex3.jpeg,4,"Exquisite Primex Folding Table, view 4",,,
exquisite-primex-folding-table,,,,,,,,,,,,,,,,,,,https://theheavencraft.in/images/products/tables/folding-table/2%20-%20Exquisite%20Primex4.jpeg,5,"Exquisite Primex Folding Table, view 5",,,
exquisite-primex-folding-table,,,,,,,,,,,,,,,,,,,https://theheavencraft.in/images/products/tables/folding-table/2%20-%20Exquisite%20Primex5.jpeg,6,"Exquisite Primex Folding Table, view 6",,,
nextable-folding-table,Nextable Folding Table,"<p>The Exquisite Pro is the ultimate folding table for professionals and families alike. Features a waterproof anti-scratch tabletop, one-click fold mechanism, and carry handle — the easiest fold-and-go table in the range.</p><ul><li>One-click fold mechanism</li><li>Waterproof &amp; anti-scratch surface</li><li>Carry handle for portability</li><li>Reinforced heavy-duty legs</li><li>Non-slip rubber feet</li><li>Seats up to 8 people</li></ul>",HeavenCraft,Folding Table,"Tables, Folding Tables, Ergonomic, Delhi",TRUE,Title,Default Title,table-folding-004,,,,continue,manual,9999.00,TRUE,TRUE,kg,https://theheavencraft.in/images/products/tables/folding-table/4%20-%20Nextable.jpeg,1,Nextable Folding Table — folding table by HeavenCraft,Nextable Folding Table,"The Exquisite Pro is the ultimate folding table for professionals and families alike. Features a waterproof anti-scratch tabletop, one-click fold mechan…",active
nextable-folding-table,,,,,,,,,,,,,,,,,,,https://theheavencraft.in/images/products/tables/folding-table/4%20-%20Nextable1.jpeg,2,"Nextable Folding Table, view 2",,,
nextable-folding-table,,,,,,,,,,,,,,,,,,,https://theheavencraft.in/images/products/tables/folding-table/4%20-%20Nextable2.jpeg,3,"Nextable Folding Table, view 3",,,
nextable-folding-table,,,,,,,,,,,,,,,,,,,https://theheavencraft.in/images/products/tables/folding-table/4%20-%20Nextable3.jpeg,4,"Nextable Folding Table, view 4",,,
nextable-folding-table,,,,,,,,,,,,,,,,,,,https://theheavencraft.in/images/products/tables/folding-table/4%20-%20Nextable4.jpeg,5,"Nextable Folding Table, view 5",,,
nextable-folding-table,,,,,,,,,,,,,,,,,,,https://theheavencraft.in/images/products/tables/folding-table/4%20-%20Nextable5.jpeg,6,"Nextable Folding Table, view 6",,,
nextable-folding-table,,,,,,,,,,,,,,,,,,,https://theheavencraft.in/images/products/tables/folding-table/4%20-%20Nextable6.jpeg,7,"Nextable Folding Table, view 7",,,
nextable-folding-table,,,,,,,,,,,,,,,,,,,https://theheavencraft.in/images/products/tables/folding-table/4%20-%20Nextable7.jpeg,8,"Nextable Folding Table, view 8",,,
nextable-folding-table,,,,,,,,,,,,,,,,,,,https://theheavencraft.in/images/products/tables/folding-table/4%20-%20Nextable8.jpeg,9,"Nextable Folding Table, view 9",,,
modura-height-adjustable-table,Modura Height Adjustable Table,<p>Advanced Modura sit-stand desk with dual motor system for enhanced stability. Features programmable height memory and whisper-quiet operation.</p><ul><li>Dual motor system</li><li>4 memory presets</li><li>Anti-collision</li><li>Quiet operation</li><li>Wide height range (60–125 cm)</li><li>Heavy-duty steel frame</li></ul>,HeavenCraft,Height-Adjustable Table,"Tables, Height-Adjustable Tables, Ergonomic, Delhi",TRUE,Title,Default Title,table-height-adjustable-002,,,,continue,manual,8999.00,TRUE,TRUE,kg,https://theheavencraft.in/images/products/tables/height-adjustable-table/2%20-%20Modura.jpeg,1,Modura Height Adjustable Table — height-adjustable table by HeavenCraft,Modura Height Adjustable Table,Advanced Modura sit-stand desk with dual motor system for enhanced stability. Features programmable height memory and whisper-quiet operation.,active
modura-height-adjustable-table,,,,,,,,,,,,,,,,,,,https://theheavencraft.in/images/products/tables/height-adjustable-table/2%20-%20Modura1.jpeg,2,"Modura Height Adjustable Table, view 2",,,
modura-height-adjustable-table,,,,,,,,,,,,,,,,,,,https://theheavencraft.in/images/products/tables/height-adjustable-table/2%20-%20Modura2.jpeg,3,"Modura Height Adjustable Table, view 3",,,
modura-primex-height-adjustable-table,Modura Primex Height Adjustable Table,<p>Premium Modura Primex standing desk with maximum stability and load capacity. Professional-grade with triple motor system and smart control features.</p><ul><li>Triple motor system</li><li>Smart controls</li><li>High load capacity</li><li>Premium materials</li><li>Programmable height display</li><li>USB charging port integrated</li></ul>,HeavenCraft,Height-Adjustable Table,"Tables, Height-Adjustable Tables, Ergonomic, Delhi",TRUE,Title,Default Title,table-height-adjustable-003,,,,continue,manual,10999.00,TRUE,TRUE,kg,https://theheavencraft.in/images/products/tables/height-adjustable-table/3%20-%20Modura%20primex.jpeg,1,Modura Primex Height Adjustable Table — height-adjustable table by HeavenCraft,Modura Primex Height Adjustable Table,Premium Modura Primex standing desk with maximum stability and load capacity. Professional-grade with triple motor system and smart control features.,active
modura-primex-height-adjustable-table,,,,,,,,,,,,,,,,,,,https://theheavencraft.in/images/products/tables/height-adjustable-table/3%20-%20Modura%20primex1.jpeg,2,"Modura Primex Height Adjustable Table, view 2",,,
modura-primex-height-adjustable-table,,,,,,,,,,,,,,,,,,,https://theheavencraft.in/images/products/tables/height-adjustable-table/3%20-%20Modura%20primex2.jpeg,3,"Modura Primex Height Adjustable Table, view 3",,,
modura-primex-height-adjustable-table,,,,,,,,,,,,,,,,,,,https://theheavencraft.in/images/products/tables/height-adjustable-table/3%20-%20Modura%20primex3.jpeg,4,"Modura Primex Height Adjustable Table, view 4",,,
modulus-primex-height-adjustable-table,Modulus Primex Height Adjustable Table,"<p>The flagship Modulus Primex is the pinnacle of sit-stand desk engineering. Features an AI-powered posture reminder, 6 memory presets, ultra-wide surface for multi-monitor setups, and a built-in wireless charging pad — redefining what a height adjustable desk can be.</p><ul><li>AI posture reminder system</li><li>6 memory height presets</li><li>Ultra-wide XL surface (160 cm)</li><li>Built-in wireless charging pad</li><li>Dual motor with anti-collision</li><li>Integrated cable spine management</li></ul>",HeavenCraft,Height-Adjustable Table,"Tables, Height-Adjustable Tables, Ergonomic, Delhi",TRUE,Title,Default Title,table-height-adjustable-005,,,,continue,manual,15999.00,TRUE,TRUE,kg,https://theheavencraft.in/images/products/tables/height-adjustable-table/5%20-%20Modulus%20primex.jpeg,1,Modulus Primex Height Adjustable Table — height-adjustable table by HeavenCraft,Modulus Primex Height Adjustable Table,"The flagship Modulus Primex is the pinnacle of sit-stand desk engineering. Features an AI-powered posture reminder, 6 memory presets, ultra-wide surface…",active
modulus-primex-height-adjustable-table,,,,,,,,,,,,,,,,,,,https://theheavencraft.in/images/products/tables/height-adjustable-table/5%20-%20Modulus%20primex1.jpeg,2,"Modulus Primex Height Adjustable Table, view 2",,,
modulus-primex-height-adjustable-table,,,,,,,,,,,,,,,,,,,https://theheavencraft.in/images/products/tables/height-adjustable-table/5%20-%20Modulus%20primex2.jpeg,3,"Modulus Primex Height Adjustable Table, view 3",,,
modulus-primex-height-adjustable-table,,,,,,,,,,,,,,,,,,,https://theheavencraft.in/images/products/tables/height-adjustable-table/5%20-%20Modulus%20primex3.jpeg,4,"Modulus Primex Height Adjustable Table, view 4",,,
modulus-primex-height-adjustable-table,,,,,,,,,,,,,,,,,,,https://theheavencraft.in/images/products/tables/height-adjustable-table/5%20-%20Modulus%20primex4.jpeg,5,"Modulus Primex Height Adjustable Table, view 5",,,
movix-height-adjustable-table,Movix Height Adjustable Table,<p>Premium Modvix standing desk with maximum stability and load capacity. Professional-grade with triple motor system and smart control features.</p><ul><li>Triple motor system</li><li>Smart controls</li><li>High load capacity</li><li>Premium materials</li><li>Programmable height display</li><li>USB charging port integrated</li></ul>,HeavenCraft,Height-Adjustable Table,"Tables, Height-Adjustable Tables, Ergonomic, Delhi",TRUE,Title,Default Title,table-height-adjustable-006,,,,continue,manual,19999.00,TRUE,TRUE,kg,https://theheavencraft.in/images/products/tables/height-adjustable-table/6%20-%20Movix.jpeg,1,Movix Height Adjustable Table — height-adjustable table by HeavenCraft,Movix Height Adjustable Table,Premium Modvix standing desk with maximum stability and load capacity. Professional-grade with triple motor system and smart control features.,active
movix-height-adjustable-table,,,,,,,,,,,,,,,,,,,https://theheavencraft.in/images/products/tables/height-adjustable-table/6%20-%20Movix1.jpeg,2,"Movix Height Adjustable Table, view 2",,,
movix-height-adjustable-table,,,,,,,,,,,,,,,,,,,https://theheavencraft.in/images/products/tables/height-adjustable-table/6%20-%20Movix2.jpeg,3,"Movix Height Adjustable Table, view 3",,,
movix-height-adjustable-table,,,,,,,,,,,,,,,,,,,https://theheavencraft.in/images/products/tables/height-adjustable-table/6%20-%20Movix3.jpeg,4,"Movix Height Adjustable Table, view 4",,,
movix-height-adjustable-table,,,,,,,,,,,,,,,,,,,https://theheavencraft.in/images/products/tables/height-adjustable-table/6%20-%20Movix4.jpeg,5,"Movix Height Adjustable Table, view 5",,,
movix-height-adjustable-table,,,,,,,,,,,,,,,,,,,https://theheavencraft.in/images/products/tables/height-adjustable-table/6%20-%20Movix5.jpeg,6,"Movix Height Adjustable Table, view 6",,,
movix-height-adjustable-table,,,,,,,,,,,,,,,,,,,https://theheavencraft.in/images/products/tables/height-adjustable-table/6%20-%20Movix6.jpeg,7,"Movix Height Adjustable Table, view 7",,,
imperium-executive-table,Imperium Executive Table,"<p>Luxury Imperium executive desk with expansive surface and premium craftsmanship. Features built-in filing system, integrated lighting, and executive-grade finish.</p><ul><li>Built-in filing</li><li>Integrated lighting</li><li>Expansive surface</li><li>Luxury finish</li><li>Executive leather inlay</li><li>Solid wood construction</li></ul>",HeavenCraft,Executive Table,"Tables, Executive Tables, Ergonomic, Delhi",TRUE,Title,Default Title,table-executive-003,,,,continue,manual,13999.00,TRUE,TRUE,kg,https://theheavencraft.in/images/products/tables/executive-table/1%20-%20Imperium.jpeg,1,Imperium Executive Table — executive table by HeavenCraft,Imperium Executive Table,"Luxury Imperium executive desk with expansive surface and premium craftsmanship. Features built-in filing system, integrated lighting, and executive-gra…",active
imperium-executive-table,,,,,,,,,,,,,,,,,,,https://theheavencraft.in/images/products/tables/executive-table/1%20-%20Imperium1.jpeg,2,"Imperium Executive Table, view 2",,,
imperium-executive-table,,,,,,,,,,,,,,,,,,,https://theheavencraft.in/images/products/tables/executive-table/1%20-%20Imperium2.jpeg,3,"Imperium Executive Table, view 3",,,
imperium-executive-table,,,,,,,,,,,,,,,,,,,https://theheavencraft.in/images/products/tables/executive-table/1%20-%20Imperium3.jpeg,4,"Imperium Executive Table, view 4",,,
imperium-executive-table,,,,,,,,,,,,,,,,,,,https://theheavencraft.in/images/products/tables/executive-table/1%20-%20Imperium4.jpeg,5,"Imperium Executive Table, view 5",,,
imperium-executive-table,,,,,,,,,,,,,,,,,,,https://theheavencraft.in/images/products/tables/executive-table/1%20-%20Imperium5.jpeg,6,"Imperium Executive Table, view 6",,,
imperium-executive-table,,,,,,,,,,,,,,,,,,,https://theheavencraft.in/images/products/tables/executive-table/1%20-%20Imperium6.jpeg,7,"Imperium Executive Table, view 7",,,
signature-executive-table,Signature Executive Table,"<p>Luxury Signature executive desk with expansive surface and premium craftsmanship. Features built-in filing system, integrated lighting, and executive-grade finish.</p><ul><li>Built-in filing</li><li>Integrated lighting</li><li>Expansive surface</li><li>Luxury finish</li><li>Executive leather inlay</li><li>Solid wood construction</li></ul>",HeavenCraft,Executive Table,"Tables, Executive Tables, Ergonomic, Delhi",TRUE,Title,Default Title,table-executive-004,,,,continue,manual,15999.00,TRUE,TRUE,kg,https://theheavencraft.in/images/products/tables/executive-table/2%20-%20Curvivo.jpeg,1,Signature Executive Table — executive table by HeavenCraft,Signature Executive Table,"Luxury Signature executive desk with expansive surface and premium craftsmanship. Features built-in filing system, integrated lighting, and executive-gr…",active
signature-executive-table,,,,,,,,,,,,,,,,,,,https://theheavencraft.in/images/products/tables/executive-table/2%20-%20Curvivo1.jpeg,2,"Signature Executive Table, view 2",,,
signature-executive-table,,,,,,,,,,,,,,,,,,,https://theheavencraft.in/images/products/tables/executive-table/2%20-%20Curvivo2.jpeg,3,"Signature Executive Table, view 3",,,
signature-executive-table,,,,,,,,,,,,,,,,,,,https://theheavencraft.in/images/products/tables/executive-table/2%20-%20Curvivo3.jpeg,4,"Signature Executive Table, view 4",,,
signature-executive-table,,,,,,,,,,,,,,,,,,,https://theheavencraft.in/images/products/tables/executive-table/2%20-%20Curvivo4.jpeg,5,"Signature Executive Table, view 5",,,
signature-executive-table,,,,,,,,,,,,,,,,,,,https://theheavencraft.in/images/products/tables/executive-table/2%20-%20Curvivo5.jpeg,6,"Signature Executive Table, view 6",,,
zenith-study-table,Zenith Study Table,"<p>Enhanced Zenith study desk with multi-level storage and ergonomic design. Features keyboard tray, CPU stand, and adjustable shelving for comprehensive study setup.</p><ul><li>Multi-level storage</li><li>Keyboard tray</li><li>CPU stand</li><li>Adjustable shelves</li><li>Cable management system</li><li>Ergonomic monitor riser</li></ul>",HeavenCraft,Study Table,"Tables, Study Tables, Ergonomic, Delhi",TRUE,Title,Default Title,table-study-003,,,,continue,manual,8499.00,TRUE,TRUE,kg,https://theheavencraft.in/images/products/tables/study-table/3%20-%20Zenith.jpeg,1,Zenith Study Table — study table by HeavenCraft,Zenith Study Table,"Enhanced Zenith study desk with multi-level storage and ergonomic design. Features keyboard tray, CPU stand, and adjustable shelving for comprehensive s…",active
zenith-study-table,,,,,,,,,,,,,,,,,,,https://theheavencraft.in/images/products/tables/study-table/3%20-%20Zenith1.jpeg,2,"Zenith Study Table, view 2",,,
zenith-study-table,,,,,,,,,,,,,,,,,,,https://theheavencraft.in/images/products/tables/study-table/3%20-%20Zenith2.jpeg,3,"Zenith Study Table, view 3",,,
zenith-study-table,,,,,,,,,,,,,,,,,,,https://theheavencraft.in/images/products/tables/study-table/3%20-%20Zenith3.jpeg,4,"Zenith Study Table, view 4",,,
zenith-study-table,,,,,,,,,,,,,,,,,,,https://theheavencraft.in/images/products/tables/study-table/3%20-%20Zenith4.jpeg,5,"Zenith Study Table, view 5",,,
zenvy-primex-study-table,Zenvy Primex Study Table,"<p>Premium Zenvy Primex study workstation with complete organization system. Includes hutch with LED lighting, cable management, and extensive storage for serious students.</p><ul><li>LED lighting</li><li>Hutch design</li><li>Extensive storage</li><li>Cable management</li><li>Pinboard included</li><li>Solid engineered wood frame</li></ul>",HeavenCraft,Study Table,"Tables, Study Tables, Ergonomic, Delhi",TRUE,Title,Default Title,table-study-006,,,,continue,manual,9999.00,TRUE,TRUE,kg,https://theheavencraft.in/images/products/tables/study-table/6%20-%20Zenvy%20primex.jpeg,1,Zenvy Primex Study Table — study table by HeavenCraft,Zenvy Primex Study Table,"Premium Zenvy Primex study workstation with complete organization system. Includes hutch with LED lighting, cable management, and extensive storage for…",active
zenvy-primex-study-table,,,,,,,,,,,,,,,,,,,https://theheavencraft.in/images/products/tables/study-table/6%20-%20Zenvy%20primex1.jpeg,2,"Zenvy Primex Study Table, view 2",,,
zenvy-primex-study-table,,,,,,,,,,,,,,,,,,,https://theheavencraft.in/images/products/tables/study-table/6%20-%20Zenvy%20primex2.jpeg,3,"Zenvy Primex Study Table, view 3",,,
quantum-gaming-desk,Quantum Gaming Desk,"<p>The Quantum Gaming Desk is engineered for serious gamers who demand performance and style. Features a spacious carbon-fibre texture surface, built-in RGB LED strip, cable management cutouts, and a headphone hook — everything a modern gaming battlestation needs.</p><ul><li>Large carbon-fibre texture surface</li><li>Built-in RGB LED strip</li><li>Cable management cutouts</li><li>Headphone hook included</li><li>Cup holder slot</li><li>Heavy-duty steel frame</li></ul>",HeavenCraft,Gaming Desk,"Tables, Gaming Desks, Ergonomic, Delhi",TRUE,Title,Default Title,table-gaming-desk-001,,,,continue,manual,9999.00,TRUE,TRUE,kg,https://theheavencraft.in/images/products/tables/gaming-desk/1%20-%20Quantum1.jpeg,1,"Quantum Gaming Desk, view 2",Quantum Gaming Desk,"The Quantum Gaming Desk is engineered for serious gamers who demand performance and style. Features a spacious carbon-fibre texture surface, built-in RG…",active
quantum-gaming-desk,,,,,,,,,,,,,,,,,,,https://theheavencraft.in/images/products/tables/gaming-desk/1%20-%20Quantum2.jpeg,2,"Quantum Gaming Desk, view 3",,,
quantum-gaming-desk,,,,,,,,,,,,,,,,,,,https://theheavencraft.in/images/products/tables/gaming-desk/1%20-%20Quantum3.jpeg,3,"Quantum Gaming Desk, view 4",,,
quantum-gaming-desk,,,,,,,,,,,,,,,,,,,https://theheavencraft.in/images/products/tables/gaming-desk/1%20-%20Quantum4.jpeg,4,"Quantum Gaming Desk, view 5",,,
quantum-gaming-desk,,,,,,,,,,,,,,,,,,,https://theheavencraft.in/images/products/tables/gaming-desk/1%20-%20Quantum5.jpeg,5,"Quantum Gaming Desk, view 6",,,
quantum-gaming-desk,,,,,,,,,,,,,,,,,,,https://theheavencraft.in/images/products/tables/gaming-desk/1%20-%20Quantum6.jpeg,6,"Quantum Gaming Desk, view 7",,,
quantum-gaming-desk,,,,,,,,,,,,,,,,,,,https://theheavencraft.in/images/products/tables/gaming-desk/1%20-%20Quantum7.jpeg,7,"Quantum Gaming Desk, view 8",,,
quantum-gaming-desk,,,,,,,,,,,,,,,,,,,https://theheavencraft.in/images/products/tables/gaming-desk/1%20-%20Quantum.jpeg,8,Quantum Gaming Desk — gaming desk by HeavenCraft,,,
quantum-primex-gaming-desk,Quantum Primex Gaming Desk,"<p>The ultimate gaming battlestation desk. The Quantum Primex elevates every aspect of the Quantum with a motorised height adjustment, dual monitor mount, wireless charging pad, and premium RGB ecosystem — built for professional gamers and streamers who accept nothing but the best.</p><ul><li>Motorised height adjustment (60–125 cm)</li><li>Dual monitor mount included</li><li>Wireless charging pad built-in</li><li>Full-length RGB ecosystem</li><li>Integrated power strip with USB ports</li><li>XL carbon-fibre texture surface</li></ul>",HeavenCraft,Gaming Desk,"Tables, Gaming Desks, Ergonomic, Delhi",TRUE,Title,Default Title,table-gaming-desk-002,,,,continue,manual,11999.00,TRUE,TRUE,kg,https://theheavencraft.in/images/products/tables/gaming-desk/2%20-%20Quantum%20primex.jpeg,1,Quantum Primex Gaming Desk — gaming desk by HeavenCraft,Quantum Primex Gaming Desk,"The ultimate gaming battlestation desk. The Quantum Primex elevates every aspect of the Quantum with a motorised height adjustment, dual monitor mount,…",active
quantum-primex-gaming-desk,,,,,,,,,,,,,,,,,,,https://theheavencraft.in/images/products/tables/gaming-desk/2%20-%20Quantum%20primex1.jpeg,2,"Quantum Primex Gaming Desk, view 2",,,
quantum-primex-gaming-desk,,,,,,,,,,,,,,,,,,,https://theheavencraft.in/images/products/tables/gaming-desk/2%20-%20Quantum%20primex2.jpeg,3,"Quantum Primex Gaming Desk, view 3",,,
quantum-primex-gaming-desk,,,,,,,,,,,,,,,,,,,https://theheavencraft.in/images/products/tables/gaming-desk/2%20-%20Quantum%20primex3.jpeg,4,"Quantum Primex Gaming Desk, view 4",,,
quantum-primex-gaming-desk,,,,,,,,,,,,,,,,,,,https://theheavencraft.in/images/products/tables/gaming-desk/2%20-%20Quantum%20primex4.jpeg,5,"Quantum Primex Gaming Desk, view 5",,,
quantum-primex-gaming-desk,,,,,,,,,,,,,,,,,,,https://theheavencraft.in/images/products/tables/gaming-desk/2%20-%20Quantum%20primex5.jpeg,6,"Quantum Primex Gaming Desk, view 6",,,
storage-box-plus,Storage Box Plus,<p>Versatile Plus storage box with drawer system and label holders. Features modular design for customizable organization of documents and office essentials.</p><ul><li>Drawer system</li><li>Label holders</li><li>Modular design</li><li>Large capacity</li><li>Document filing slots</li><li>Stackable with Basic</li></ul>,HeavenCraft,Storage Boxe,"Accessories, Storage Boxes, Ergonomic, Delhi",TRUE,Title,Default Title,accessories-storage-box-002,,,,continue,manual,5999.00,TRUE,TRUE,kg,https://theheavencraft.in/images/products/accessories/storage-box/2%20-%20Plus.jpeg,1,Storage Box Plus — storage boxe by HeavenCraft,Storage Box Plus,Versatile Plus storage box with drawer system and label holders. Features modular design for customizable organization of documents and office essentials.,active
storage-box-pro-max,Storage Box Pro Max,<p>Premium Pro storage system with lockable compartments and filing solution. Executive-grade organizer with leather finish and comprehensive storage options.</p><ul><li>Lockable compartments</li><li>Leather finish</li><li>Filing system</li><li>Executive grade</li><li>Key lock security</li><li>Anti-scratch base</li></ul>,HeavenCraft,Storage Boxe,"Accessories, Storage Boxes, Ergonomic, Delhi",TRUE,Title,Default Title,accessories-storage-box-004,,,,continue,manual,7999.00,TRUE,TRUE,kg,https://theheavencraft.in/images/products/accessories/storage-box/4%20-%20Pro%20max.jpeg,1,Storage Box Pro Max — storage boxe by HeavenCraft,Storage Box Pro Max,Premium Pro storage system with lockable compartments and filing solution. Executive-grade organizer with leather finish and comprehensive storage options.,active
footrest-basic,Footrest Basic,"<p>Ergonomic Basic footrest to improve posture and reduce leg fatigue. Simple, sturdy design with non-slip surface for comfortable foot support during work.</p><ul><li>Non-slip surface</li><li>Ergonomic angle</li><li>Durable construction</li><li>Compact size</li><li>Adjustable tilt</li><li>Lightweight &amp; portable</li></ul>",HeavenCraft,Footrest,"Accessories, Footrests, Ergonomic, Delhi",TRUE,Title,Default Title,accessories-footrest-001,,,,continue,manual,999.00,TRUE,TRUE,kg,https://theheavencraft.in/images/products/accessories/footrest/1%20-%20Basic.jpeg,1,Footrest Basic — footrest by HeavenCraft,Footrest Basic,"Ergonomic Basic footrest to improve posture and reduce leg fatigue. Simple, sturdy design with non-slip surface for comfortable foot support during work.",active
footrest-plus,Footrest Plus,<p>Adjustable Plus footrest with height and angle customization. Features massage rollers and textured surface for enhanced comfort and circulation.</p><ul><li>Height adjustable</li><li>Angle adjustment</li><li>Massage rollers</li><li>Textured surface</li><li>Non-slip rubber base</li><li>Improves blood circulation</li></ul>,HeavenCraft,Footrest,"Accessories, Footrests, Ergonomic, Delhi",TRUE,Title,Default Title,accessories-footrest-002,,,,continue,manual,1499.00,TRUE,TRUE,kg,https://theheavencraft.in/images/products/accessories/footrest/2%20-%20Plus.jpeg,1,Footrest Plus — footrest by HeavenCraft,Footrest Plus,Adjustable Plus footrest with height and angle customization. Features massage rollers and textured surface for enhanced comfort and circulation.,active
cable-tray-basic,Cable Tray Basic,<p>Simple Basic cable tray for organized desk cable management. Under-desk mount design keeps cables tidy and off the floor for a clean workspace.</p><ul><li>Under-desk mount</li><li>Wire organization</li><li>Easy installation</li><li>Durable material</li><li>No-drill clamp option</li><li>Holds up to 5 cables</li></ul>,HeavenCraft,Cable Tray,"Accessories, Cable Trays, Ergonomic, Delhi",TRUE,Title,Default Title,accessories-cable-tray-001,,,,continue,manual,999.00,TRUE,TRUE,kg,https://theheavencraft.in/images/products/accessories/cable-tray/1%20-%20Basic.jpeg,1,Cable Tray Basic — cable tray by HeavenCraft,Cable Tray Basic,Simple Basic cable tray for organized desk cable management. Under-desk mount design keeps cables tidy and off the floor for a clean workspace.,active
cpu-stand-plus,CPU Stand Plus,<p>Adjustable Plus CPU stand with width customization and rolling casters. Features locking wheels for mobility and secure positioning of your computer tower.</p><ul><li>Adjustable width</li><li>Rolling casters</li><li>Locking wheels</li><li>Heavy-duty frame</li><li>Smooth mobility</li><li>Wide size compatibility</li></ul>,HeavenCraft,CPU Stand,"Accessories, CPU Stands, Ergonomic, Delhi",TRUE,Title,Default Title,accessories-Cpu-Stand-002,,,,continue,manual,1499.00,TRUE,TRUE,kg,https://theheavencraft.in/images/products/accessories/Cpu-Stand/2%20-%20plus.jpeg,1,CPU Stand Plus — cpu stand by HeavenCraft,CPU Stand Plus,Adjustable Plus CPU stand with width customization and rolling casters. Features locking wheels for mobility and secure positioning of your computer tower.,active
cpu-stand-pro,CPU Stand Pro,"<p>Premium Pro CPU stand with advanced cooling ventilation and cable management. Features adjustable height, width, and built-in cable routing system.</p><ul><li>Cooling ventilation</li><li>Cable management</li><li>Full adjustment</li><li>Premium build</li><li>360° swivel casters</li><li>Height &amp; width adjustable</li></ul>",HeavenCraft,CPU Stand,"Accessories, CPU Stands, Ergonomic, Delhi",TRUE,Title,Default Title,accessories-Cpu-Stand-003,,,,continue,manual,1999.00,TRUE,TRUE,kg,https://theheavencraft.in/images/products/accessories/Cpu-Stand/3%20-%20Pro.jpeg,1,CPU Stand Pro — cpu stand by HeavenCraft,CPU Stand Pro,"Premium Pro CPU stand with advanced cooling ventilation and cable management. Features adjustable height, width, and built-in cable routing system.",active
monitor-stand-basic,Monitor Stand Basic,<p>Ergonomic Basic monitor stand to raise your screen to eye level. Reduces neck strain with sturdy platform design and storage space underneath.</p><ul><li>Ergonomic height</li><li>Sturdy platform</li><li>Storage space</li><li>Easy assembly</li><li>Reduces neck strain</li><li>Non-slip feet</li></ul>,HeavenCraft,Monitor Stand,"Accessories, Monitor Stands, Ergonomic, Delhi",TRUE,Title,Default Title,accessories-monitor-stand-001,,,,continue,manual,999.00,TRUE,TRUE,kg,https://theheavencraft.in/images/products/accessories/monitor-stand/1%20-%20Basic.jpeg,1,Monitor Stand Basic — monitor stand by HeavenCraft,Monitor Stand Basic,Ergonomic Basic monitor stand to raise your screen to eye level. Reduces neck strain with sturdy platform design and storage space underneath.,active
monitor-stand-pro-max,Monitor Stand Pro Max,"<p>Premium Pro monitor stand with gas spring arm for full articulation. Features dual monitor support, cable management, and wide range of motion for perfect positioning.</p><ul><li>Gas spring arm</li><li>Dual monitor support</li><li>Full articulation</li><li>Cable routing</li><li>VESA mount compatible</li><li>360° tilt &amp; swivel</li></ul>",HeavenCraft,Monitor Stand,"Accessories, Monitor Stands, Ergonomic, Delhi",TRUE,Title,Default Title,accessories-monitor-stand-004,,,,continue,manual,2999.00,TRUE,TRUE,kg,https://theheavencraft.in/images/products/accessories/monitor-stand/4%20-%20Pro%20max.jpeg,1,Monitor Stand Pro Max — monitor stand by HeavenCraft,Monitor Stand Pro Max,"Premium Pro monitor stand with gas spring arm for full articulation. Features dual monitor support, cable management, and wide range of motion for perfe…",active
cup-holder-basic,Cup Holder Basic,<p>Simple Basic cup holder that clips to your desk edge. Keeps beverages within easy reach while saving valuable desk space.</p><ul><li>Desk edge clip</li><li>Spill-resistant design</li><li>Easy installation</li><li>Compact size</li><li>Holds cups up to 500ml</li><li>Corrosion-resistant finish</li></ul>,HeavenCraft,Cup Holder,"Accessories, Cup Holders, Ergonomic, Delhi",TRUE,Title,Default Title,accessories-cup-holder-001,,,,continue,manual,999.00,TRUE,TRUE,kg,https://theheavencraft.in/images/products/accessories/cup-holder/1%20-%20Basic.jpeg,1,Cup Holder Basic — cup holder by HeavenCraft,Cup Holder Basic,Simple Basic cup holder that clips to your desk edge. Keeps beverages within easy reach while saving valuable desk space.,active
desk-hook-basic,Desk Hook Basic,"<p>Simple yet sturdy Basic desk hook that clamps to your desk edge. Ideal for hanging bags, headphones, or any accessories to keep your workspace clear and organized.</p><ul><li>Desk edge clamp mount</li><li>Holds up to 5 kg</li><li>Non-scratch rubber pad</li><li>360° rotatable hook</li><li>Universal desk fit</li><li>Compact &amp; minimalist</li></ul>",HeavenCraft,Desk Hook,"Accessories, Desk Hooks, Ergonomic, Delhi",TRUE,Title,Default Title,accessories-desk-hook-001,,,,continue,manual,599.00,TRUE,TRUE,kg,https://theheavencraft.in/images/products/accessories/Desk-hook/1%20-%20Basic.jpeg,1,Desk Hook Basic — desk hook by HeavenCraft,Desk Hook Basic,"Simple yet sturdy Basic desk hook that clamps to your desk edge. Ideal for hanging bags, headphones, or any accessories to keep your workspace clear and…",active
desk-hook-basic,,,,,,,,,,,,,,,,,,,https://theheavencraft.in/images/products/accessories/Desk-hook/1%20-%20Basic..jpeg,2,"Desk Hook Basic, view 2",,,
desk-hook-plus,Desk Hook Plus,<p>Premium Pro multi-hook desk organizer with three adjustable hooks and a built-in headphone stand. Features a premium aluminium body and magnetic cable clip for a truly clean workspace.</p><ul><li>3 adjustable hooks</li><li>Built-in headphone stand</li><li>Premium aluminium body</li><li>Magnetic cable clip</li><li>Adjustable clamp width</li><li>Supports up to 15 kg</li></ul>,HeavenCraft,Desk Hook,"Accessories, Desk Hooks, Ergonomic, Delhi",TRUE,Title,Default Title,accessories-desk-hook-002,,,,continue,manual,999.00,TRUE,TRUE,kg,https://theheavencraft.in/images/products/accessories/Desk-hook/2%20-%20Plus.jpeg,1,Desk Hook Plus — desk hook by HeavenCraft,Desk Hook Plus,Premium Pro multi-hook desk organizer with three adjustable hooks and a built-in headphone stand. Features a premium aluminium body and magnetic cable c…,active
desk-hook-plus,,,,,,,,,,,,,,,,,,,https://theheavencraft.in/images/products/accessories/Desk-hook/2%20-%20Plus..jpeg,2,"Desk Hook Plus, view 2",,,
